Vernon##Callaby###582v.callaby@nanonull.com###Office Manager###########Frank###Further###471f.further@nanonull.com###Accounts Receivable######Loby####Matise####963l.matise@nanonull.com####Accounting Manager#######Joe#####Firstbread621j.firstbread@nanonull.comMarketing Manager Europe#Susi####Sanna#####753s.sanna@nanonull.com#####Art Director#############Fred####Landis####951f.landis@nanonull.com####Program Manager##########MichelleButler####654m.landis@nanonull.com####Software Engineer########Ted#####Little####852t.little@nanonull.com####Software Engineer########Ann#####Way#######951a.way@nanonull.com#######Technical Writer#########Liz#####Gardner###753l.gardner@nanonull.com###Software Engineer########Paul####Smith#####334p.smith@nanonull.com#####Software Engineer########Alex####Martin####778a.martin@nanonull.com####IT Manager###############George##Hammer####223g.hammer@nanonull.com####Web Developer############Jessica#Bander####241j.band@nanonull.com######Support Engineer#########Lui#####King######345l.king@nanonull.com######Support Engineer#########Steve###Meier#####114s.meier@nanonull.com#####Office Manager###########Theo####Bone######331t.bone@nanonull.com######Accounts Receivable######Max#####Nafta#####122m.nafta@nanonull.com#####PR & Marketing Manager USValentinBass######716v.bass@nanonull.com######IT Manager###############Carl####Franken###147c.franken@nanonull.com###Support Engineer#########Mark####Redgreen##152m.redgreen@nanonull.com##Support Engineer#########