Vernon,Callaby,582,v.callaby@nanonull.com,Office Manager
Frank,Further,471,f.further@nanonull.com,Accounts Receivable
Loby,Matise,963,l.matise@nanonull.com,Accounting Manager
Joe,Firstbread,621,j.firstbread@nanonull.com,Marketing Manager Europe
Susi,Sanna,753,s.sanna@nanonull.com,Art Director
Fred,Landis,951,f.landis@nanonull.com,Program Manager
Michelle,Butler,654,m.landis@nanonull.com,Software Engineer
Ted,Little,852,t.little@nanonull.com,Software Engineer
Ann,Way,951,a.way@nanonull.com,Technical Writer
Liz,Gardner,753,l.gardner@nanonull.com,Software Engineer
Paul,Smith,334,p.smith@nanonull.com,Software Engineer
Alex,Martin,778,a.martin@nanonull.com,IT Manager
George,Hammer,223,g.hammer@nanonull.com,Web Developer
Jessica,Bander,241,j.band@nanonull.com,Support Engineer
Lui,King,345,l.king@nanonull.com,Support Engineer
Steve,Meier,114,s.meier@nanonull.com,Office Manager
Theo,Bone,331,t.bone@nanonull.com,Accounts Receivable
Max,Nafta,122,m.nafta@nanonull.com,PR & Marketing Manager US
Valentin,Bass,716,v.bass@nanonull.com,IT Manager
Carl,Franken,147,c.franken@nanonull.com,Support Engineer
Mark,Redgreen,152,m.redgreen@nanonull.com,Support Engineer
